

-- Tablica Lige
CREATE TABLE lige (
    sifra INT NOT NULL PRIMARY KEY IDENTITY(1,1),
    naziv VARCHAR(50) NOT NULL UNIQUE,
    drzava VARCHAR(50) NOT NULL
);

-- Tablica Klubovi (ime kluba umjesto ID-a u drugim tablicama)
CREATE TABLE klubovi (
    sifra INT NOT NULL PRIMARY KEY IDENTITY(1,1),
    naziv VARCHAR(50) NOT NULL UNIQUE,
    drzava VARCHAR(50),
    liga VARCHAR(50) NOT NULL, -- Spremamo ime lige umjesto ID-a
    FOREIGN KEY (liga) REFERENCES lige(naziv) ON DELETE CASCADE
);

-- Tablica Igrači (ime kluba umjesto ID-a)
CREATE TABLE igraci (
    sifra INT NOT NULL PRIMARY KEY IDENTITY(1,1),
    ime VARCHAR(50) NOT NULL,
    prezime VARCHAR(50) NOT NULL,
    pozicija VARCHAR(30),
    klub VARCHAR(50) NOT NULL, -- Spremamo ime kluba umjesto ID-a
    FOREIGN KEY (klub) REFERENCES klubovi(naziv) ON DELETE CASCADE
);

-- Tablica Utakmice (ime kluba umjesto ID-a)
CREATE TABLE utakmice (
    sifra INT NOT NULL PRIMARY KEY IDENTITY(1,1),
    domaci_klub VARCHAR(50)  not NULL,
    gostujuci_klub VARCHAR(50)  not NULL,
    datum_vrijeme DATETIME NOT NULL,
    rezultat VARCHAR(10),
    FOREIGN KEY (domaci_klub) REFERENCES klubovi(naziv), 
    FOREIGN KEY (gostujuci_klub) REFERENCES klubovi(naziv) 
	);
  
INSERT INTO lige (naziv, drzava)  
VALUES  
    ('Premier League', 'Engleska'),  
    ('La Liga', 'Španija'),  
    ('Bundesliga', 'Njemačka'),  
    ('Serie A', 'Italija'),  
    ('Ligue 1', 'Francuska');


	insert into klubovi(naziv,drzava,liga )
values 
('AS Monaco', 'Francuska', 'Ligue 1'),
('Clermont Foot', 'Francuska', 'Ligue 1'),
('Le Havre', 'Francuska', 'Ligue 1'),
('Lens', 'Francuska', 'Ligue 1'),
('Lille', 'Francuska', 'Ligue 1'),
('Lorient', 'Francuska', 'Ligue 1'),
('Lyon', 'Francuska', 'Ligue 1'),
('Marseille', 'Francuska', 'Ligue 1'),
('Metz', 'Francuska', 'Ligue 1'),
('Montpellier', 'Francuska', 'Ligue 1'),
('Nantes', 'Francuska', 'Ligue 1'),
('Nice', 'Francuska', 'Ligue 1'),
('Paris Saint-Germain', 'Francuska', 'Ligue 1'),
('Reims', 'Francuska', 'Ligue 1'),
('Rennes', 'Francuska', 'Ligue 1'),
('Strasbourg', 'Francuska', 'Ligue 1'),
('Toulouse', 'Francuska', 'Ligue 1'),
('Atalanta', 'Italija', 'Serie A'),
('Bologna', 'Italija', 'Serie A'),
('Cagliari', 'Italija', 'Serie A'),
('Empoli', 'Italija', 'Serie A'),
('Fiorentina', 'Italija', 'Serie A'),
('Frosinone', 'Italija', 'Serie A'),
('Genoa', 'Italija', 'Serie A'),
('Inter Milan', 'Italija', 'Serie A'),
('Juventus', 'Italija', 'Serie A'),
('Lazio', 'Italija', 'Serie A'),
('Lecce', 'Italija', 'Serie A'),
('AC Milan', 'Italija', 'Serie A'),
('Monza', 'Italija', 'Serie A'),
('Napoli', 'Italija', 'Serie A'),
('AS Roma', 'Italija', 'Serie A'),
('Salernitana', 'Italija', 'Serie A'),
('Venezia', 'Italija', 'Serie A'),
('Torino', 'Italija', 'Serie A'),
('Udinese', 'Italija', 'Serie A'),
('Verona', 'Italija', 'Serie A'),
('FC Augsburg', 'Njemačka', 'Bundesliga'),
('Union Berlin', 'Njemačka', 'Bundesliga'),
('VfL Bochum', 'Njemačka', 'Bundesliga'),
('Werder Bremen', 'Njemačka', 'Bundesliga'),
('Borussia Dortmund', 'Njemačka', 'Bundesliga'),
('Eintracht Frankfurt', 'Njemačka', 'Bundesliga'),
('SC Freiburg', 'Njemačka', 'Bundesliga'),
('1899 Hoffenheim', 'Njemačka', 'Bundesliga'),
('1. FC Köln', 'Njemačka', 'Bundesliga'),
('RB Leipzig', 'Njemačka', 'Bundesliga'),
('Bayer Leverkusen', 'Njemačka', 'Bundesliga'),
('Mainz 05', 'Njemačka', 'Bundesliga'),
('Borussia Mönchengladbach', 'Njemačka', 'Bundesliga'),
('Bayern München', 'Njemačka', 'Bundesliga'),
('FC St. Pauli', 'Njemačka', 'Bundesliga'),
('VfB Stuttgart', 'Njemačka', 'Bundesliga'),
('VfL Wolfsburg', 'Njemačka', 'Bundesliga'),
('Alavés', 'Španjolska', 'La Liga'),
('Athletic Bilbao', 'Španjolska', 'La Liga'),
('Atlético Madrid', 'Španjolska', 'La Liga'),
('Barcelona', 'Španjolska', 'La Liga'),
('Cádiz', 'Španjolska', 'La Liga'),
('Celta Vigo', 'Španjolska', 'La Liga'),
('Getafe', 'Španjolska', 'La Liga'),
('Girona', 'Španjolska', 'La Liga'),
('Granada', 'Španjolska', 'La Liga'),
('Las Palmas', 'Španjolska', 'La Liga'),
('Mallorca', 'Španjolska', 'La Liga'),
('Osasuna', 'Španjolska', 'La Liga'),
('Rayo Vallecano', 'Španjolska', 'La Liga'),
('Real Betis', 'Španjolska', 'La Liga'),
('Real Madrid', 'Španjolska', 'La Liga'),
('Real Sociedad', 'Španjolska', 'La Liga'),
('Sevilla', 'Španjolska', 'La Liga'),
('Valencia', 'Španjolska', 'La Liga'),
('Villarreal', 'Španjolska', 'La Liga'),
('Arsenal', 'Engleska', 'Premier League'),
('Aston Villa', 'Engleska', 'Premier League'),
('Bournemouth', 'Engleska', 'Premier League'),
('Brentford', 'Engleska', 'Premier League'),
('Brighton & Hove Albion', 'Engleska', 'Premier League'),
('Burnley', 'Engleska', 'Premier League'),
('Chelsea', 'Engleska', 'Premier League'),
('Crystal Palace', 'Engleska', 'Premier League'),
('Everton', 'Engleska', 'Premier League'),
('Fulham', 'Engleska', 'Premier League'),
('Liverpool', 'Engleska', 'Premier League'),
('Luton Town', 'Engleska', 'Premier League'),
('Manchester City', 'Engleska', 'Premier League'),
('Manchester United', 'Engleska', 'Premier League'),
('Newcastle United', 'Engleska', 'Premier League'),
('Nottingham Forest', 'Engleska', 'Premier League'),
('Sheffield United', 'Engleska', 'Premier League'),
('Tottenham Hotspur', 'Engleska', 'Premier League'),
('West Ham United', 'Engleska', 'Premier League'),
('Wolverhampton Wanderers', 'Engleska', 'Premier League');

	insert into igraci(ime, prezime , pozicija, klub )
values 
('Philipp', 'Köhn', 'Golman', 'AS Monaco'),
('Radoslaw', 'Majecki', 'Golman', 'AS Monaco'),
('Wilfried', 'Singó', 'Branič', 'AS Monaco'),
('Vanderson', 'de Oliveira', 'Branič', 'AS Monaco'),
('Guillermo', 'Maripán', 'Branič', 'AS Monaco'),
('Denis', 'Zakharia', 'Veznjak', 'AS Monaco'),
('Mohamed', 'Camara', 'Veznjak', 'AS Monaco'),
('Youssouf', 'Fofana', 'Veznjak', 'AS Monaco'),
('Maghnes', 'Akliouche', 'Veznjak', 'AS Monaco'),
('Aleksandr', 'Golovin', 'Veznjak', 'AS Monaco'),
('Takumi', 'Minamino', 'Napadač', 'AS Monaco'),
('Eliesse', 'Ben Seghir', 'Napadač', 'AS Monaco'),
('Folarin', 'Balogun', 'Napadač', 'AS Monaco'),
('Wissam', 'Ben Yedder', 'Napadač', 'AS Monaco'),
('Krepin', 'Diatta', 'Napadač', 'AS Monaco'),
('Breel', 'Embolo', 'Napadač', 'AS Monaco'),
('Mory', 'Diaw', 'Golman', 'Clermont Foot'),
('Théo', 'Guivarch', 'Golman', 'Clermont Foot'),
('Massamba', 'Ndiaye', 'Golman', 'Clermont Foot'),
('Yoël', 'Armougom', 'Branič', 'Clermont Foot'),
('Damien', 'Da Silva', 'Branič', 'Clermont Foot'),
('Baila', 'Diallo', 'Branič', 'Clermont Foot'),
('Jérémy', 'Jacquet', 'Branič', 'Clermont Foot'),
('Cheick Oumar', 'Konaté', 'Branič', 'Clermont Foot'),
('Johan', 'Gastien', 'Veznjak', 'Clermont Foot'),
('Yohann', 'Magnin', 'Veznjak', 'Clermont Foot'),
('Habib', 'Keïta', 'Veznjak', 'Clermont Foot'),
('Henri', 'Saivet', 'Veznjak', 'Clermont Foot'),
('Kader', 'Bamba', 'Napadač', 'Clermont Foot'),
('Mehdi', 'Baaloudj', 'Napadač', 'Clermont Foot'),
('Mons', 'Bassouamina', 'Napadač', 'Clermont Foot'),
('Aïman', 'Maurer', 'Napadač', 'Clermont Foot'),
('Mathieu', 'Gorgelin', 'Golman', 'Le Havre AC'),
('Arthur', 'Desmas', 'Golman', 'Le Havre AC'),
('Gautier', 'Lloris', 'Branič', 'Le Havre AC'),
('Étienne', 'Youté Kinkoué', 'Branič', 'Le Havre AC'),
('Loïc', 'Nego', 'Branič', 'Le Havre AC'),
('Oualid', 'El Hajjam', 'Branič', 'Le Havre AC'),
('Yassine', 'Kechta', 'Veznjak', 'Le Havre AC'),
('Daler', 'Kuzyayev', 'Veznjak', 'Le Havre AC'),
('Rassoul', 'Ndiaye', 'Veznjak', 'Le Havre AC'),
('Junior', 'Mwanga', 'Veznjak', 'Le Havre AC'),
('Josué', 'Casimir', 'Napadač', 'Le Havre AC'),
('Yann', 'Kitala', 'Napadač', 'Le Havre AC'),
('Emmanuel', 'Sabbi', 'Napadač', 'Le Havre AC'),
('Antoine', 'Joujou', 'Napadač', 'Le Havre AC'),
('André', 'Ayew', 'Napadač', 'Le Havre AC'),
('Élysée', 'Logbo', 'Napadač', 'Le Havre AC'),
('Brice', 'Samba', 'Golman', 'RC Lens'),
('Massadio', 'Haïdara', 'Branič', 'RC Lens'),
('Jonathan', 'Gradit', 'Branič', 'RC Lens'),
('Kevin', 'Danso', 'Branič', 'RC Lens'),
('Facundo', 'Medina', 'Branič', 'RC Lens'),
('Nidal', 'Čelik', 'Branič', 'RC Lens'),
('Salis', 'Abdul Samed', 'Veznjak', 'RC Lens'),
('Stijn', 'Spierings', 'Veznjak', 'RC Lens'),
('David', 'Pereira da Costa', 'Veznjak', 'RC Lens'),
('Angelo', 'Fulgini', 'Veznjak', 'RC Lens'),
('Florian', 'Sotoca', 'Napadač', 'RC Lens'),
('Wesley', 'Saïd', 'Napadač', 'RC Lens'),
('Morgan', 'Guilavogui', 'Napadač', 'RC Lens'),
('Elye', 'Wahi', 'Napadač', 'RC Lens'),
('Adam', 'Buksa', 'Napadač', 'RC Lens'),
('Alexis', 'Claude-Maurice', 'Napadač', 'RC Lens'),
('Lucas', 'Chevalier', 'Golman', 'LOSC Lille'),
('Vito', 'Mannone', 'Golman', 'LOSC Lille'),
('Tiago', 'Santos', 'Branič', 'LOSC Lille'),
('Bafodé', 'Diakité', 'Branič', 'LOSC Lille'),
('Alexsandro', 'Ribeiro', 'Branič', 'LOSC Lille'),
('Samuel', 'Umtiti', 'Branič', 'LOSC Lille'),
('Gabriel', 'Gudmundsson', 'Branič', 'LOSC Lille'),
('Ismaily', 'Gonçalves dos Santos', 'Branič', 'LOSC Lille'),
('Benjamin', 'André', 'Veznjak', 'LOSC Lille'),
('Angel', 'Gomes', 'Veznjak', 'LOSC Lille'),
('Nabil', 'Bentaleb', 'Veznjak', 'LOSC Lille'),
('Edon', 'Zhegrova', 'Veznjak', 'LOSC Lille'),
('Osame', 'Sahraoui', 'Veznjak', 'LOSC Lille'),
('Jonathan', 'David', 'Napadač', 'LOSC Lille'),
('Adam', 'Ounas', 'Napadač', 'LOSC Lille'),
('Mohamed', 'Bayo', 'Napadač', 'LOSC Lille'),
('Yvon', 'Mvogo', 'Golman', 'Lorient'),
('Benjamin', 'Leroy', 'Golman', 'Lorient'),
('Gaël', 'Alette', 'Golman', 'Lorient'),
('Gédéon', 'Kalulu', 'Branič', 'Lorient'),
('Julien', 'Laporte', 'Branič', 'Lorient'),
('Formose', 'Mendy', 'Branič', 'Lorient'),
('Igor', 'Silva', 'Branič', 'Lorient'),
('Montassar', 'Talbi', 'Branič', 'Lorient'),
('Darline', 'Yongwa', 'Branič', 'Lorient'),
('Laurent', 'Abergel', 'Veznjak', 'Lorient'),
('Jean-Victor', 'Makengo', 'Veznjak', 'Lorient'),
('Julien', 'Ponceau', 'Veznjak', 'Lorient'),
('Panos', 'Katseris', 'Veznjak', 'Lorient'),
('Aiyegun', 'Tosin', 'Veznjak', 'Lorient'),
('Mohamed', 'Bamba', 'Napadač', 'Lorient'),
('Eli Junior', 'Kroupi', 'Napadač', 'Lorient'),
('Anthony', 'Lopes', 'Golman', 'Olympique Lyonnais'),
('Lucas', 'Perri', 'Golman', 'Olympique Lyonnais'),
('Clinton', 'Mata', 'Branič', 'Olympique Lyonnais'),
('Duje', 'Ćaleta-Car', 'Branič', 'Olympique Lyonnais'),
('Dejan', 'Lovren', 'Branič', 'Olympique Lyonnais'),
('Nicolás', 'Tagliafico', 'Branič', 'Olympique Lyonnais'),
('Ainsley', 'Maitland-Niles', 'Branič', 'Olympique Lyonnais'),
('Corentin', 'Tolisso', 'Veznjak', 'Olympique Lyonnais'),
('Maxence', 'Caqueret', 'Veznjak', 'Olympique Lyonnais'),
('Rayan', 'Cherki', 'Veznjak', 'Olympique Lyonnais'),
('Saïd', 'Benrahma', 'Veznjak', 'Olympique Lyonnais'),
('Alexandre', 'Lacazette', 'Napadač', 'Olympique Lyonnais'),
('Georges', 'Mikautadze', 'Napadač', 'Olympique Lyonnais'),
('Malick', 'Fofana', 'Napadač', 'Olympique Lyonnais'),
('Enzo', 'Molebe', 'Napadač', 'Olympique Lyonnais'),
('Amin', 'Sarr', 'Napadač', 'Olympique Lyonnais'),
('Gerónimo', 'Rulli', 'Golman', 'Olympique de Marseille'),
('Rubén', 'Blanco', 'Golman', 'Olympique de Marseille'),
('Quentin', 'Merlin', 'Branič', 'Olympique de Marseille'),
('Samuel', 'Gigot', 'Branič', 'Olympique de Marseille'),
('Leonardo', 'Balerdi', 'Branič', 'Olympique de Marseille'),
('Chancel', 'Mbemba', 'Branič', 'Olympique de Marseille'),
('Pol', 'Lirola', 'Branič', 'Olympique de Marseille'),
('Adrien', 'Rabiot', 'Veznjak', 'Olympique de Marseille'),
('Pierre-Emile', 'Højbjerg', 'Veznjak', 'Olympique de Marseille'),
('Jordan', 'Veretout', 'Veznjak', 'Olympique de Marseille'),
('Ismaël', 'Bennacer', 'Veznjak', 'Olympique de Marseille'),
('Mason', 'Greenwood', 'Napadač', 'Olympique de Marseille'),
('Elye', 'Wahi', 'Napadač', 'Olympique de Marseille'),
('Amine', 'Gouiri', 'Napadač', 'Olympique de Marseille'),
('Faris', 'Moumbagna', 'Napadač', 'Olympique de Marseille'),
('Luis', 'Henrique', 'Napadač', 'Olympique de Marseille'),
('Alexandre', 'Oukidja', 'Golman', 'FC Metz'),
('Pape', 'Sy', 'Golman', 'FC Metz'),
('Fali', 'Candé', 'Branič', 'FC Metz'),
('Maxime', 'Colin', 'Branič', 'FC Metz'),
('Jessy', 'Deminguet', 'Branič', 'FC Metz'),
('Koffi', 'Kouao', 'Branič', 'FC Metz'),
('Ababacar', 'Lô', 'Branič', 'FC Metz'),
('Sadibou', 'Sané', 'Branič', 'FC Metz'),
('Ismaël', 'Traoré', 'Branič', 'FC Metz'),
('Matthieu', 'Udol', 'Branič', 'FC Metz'),
('Kevin', 'van Den Kerkhof', 'Branič', 'FC Metz'),
('Ablie', 'Jallow', 'Veznjak', 'FC Metz'),
('Joseph', 'N''Duquidi', 'Veznjak', 'FC Metz'),
('Benjamin', 'Stambouli', 'Veznjak', 'FC Metz'),
('Alpha', 'Touré', 'Veznjak', 'FC Metz'),
('Gauthier', 'Hein', 'Napadač', 'FC Metz'),
('Benjamin', 'Lecomte', 'Golman', 'Montpellier'),
('Dimitry', 'Bertaud', 'Golman', 'Montpellier'),
('Mamadou', 'Sakho', 'Branič', 'Montpellier'),
('Maxime', 'Estève', 'Branič', 'Montpellier'),
('Thuler', '', 'Branič', 'Montpellier'),
('Falaye', 'Sacko', 'Branič', 'Montpellier'),
('Nicolas', 'Cozza', 'Branič', 'Montpellier'),
('Arnaud', 'Souquet', 'Branič', 'Montpellier'),
('Joris', 'Chotard', 'Veznjak', 'Montpellier'),
('Jordan', 'Ferri', 'Veznjak', 'Montpellier'),
('Téji', 'Savanier', 'Veznjak', 'Montpellier'),
('Leo', 'Leroy', 'Veznjak', 'Montpellier'),
('Stephy', 'Mavididi', 'Napadač', 'Montpellier'),
('Wahbi', 'Khazri', 'Napadač', 'Montpellier'),
('Akor', 'Adams', 'Napadač', 'Montpellier'),
('Yanis', 'Guermouche', 'Napadač', 'Montpellier'),
('Alban', 'Lafont', 'Golman', 'FC Nantes'),
('Patrik', 'Carlgren', 'Golman', 'FC Nantes'),
('Hugo', 'Barbet', 'Golman', 'FC Nantes'),
('Kelvin', 'Amian Adou', 'Branič', 'FC Nantes'),
('Jean-Charles', 'Castelletto', 'Branič', 'FC Nantes'),
('Fabien', 'Centonze', 'Branič', 'FC Nantes'),
('Nicolas', 'Cozza', 'Branič', 'FC Nantes'),
('Jean-Kevin', 'Duverne', 'Branič', 'FC Nantes'),
('Nicolas', 'Pallois', 'Branič', 'FC Nantes'),
('Nathan', 'Zeze', 'Branič', 'FC Nantes'),
('Douglas', 'Augusto', 'Veznjak', 'FC Nantes'),
('Jean-Philippe', 'Gbamin', 'Veznjak', 'FC Nantes'),
('Pedro', 'Chirivella', 'Veznjak', 'FC Nantes'),
('Johann', 'Lepenant', 'Veznjak', 'FC Nantes'),
('Matthis', 'Abline', 'Napadač', 'FC Nantes'),
('Mostafa', 'Mohamed', 'Napadač', 'FC Nantes'),
('Marcin', 'Bulka', 'Golman', 'Nice'),
('Teddy', 'Boulhendi', 'Golman', 'Nice'),
('Jean-Clair', 'Todibo', 'Branič', 'Nice'),
('Dante', '', 'Branič', 'Nice'),
('Melvin', 'Bard', 'Branič', 'Nice'),
('Jordan', 'Lotomba', 'Branič', 'Nice'),
('Youssouf', 'Ndayishimiye', 'Branič', 'Nice'),
('Pablo', 'Rosario', 'Veznjak', 'Nice'),
('Khephren', 'Thuram', 'Veznjak', 'Nice'),
('Hicham', 'Boudaoui', 'Veznjak', 'Nice'),
('Alexis', 'Claude-Maurice', 'Veznjak', 'Nice'),
('Morgan', 'Sanson', 'Veznjak', 'Nice'),
('Gaëtan', 'Laborde', 'Napadač', 'Nice'),
('Terem', 'Moffi', 'Napadač', 'Nice'),
('Evann', 'Guessand', 'Napadač', 'Nice'),
('Jeremie', 'Boga', 'Napadač', 'Nice'),
('Gianluigi', 'Donnarumma', 'Golman', 'Paris Saint-Germain'),
('Achraf', 'Hakimi', 'Branič', 'Paris Saint-Germain'),
('Marquinhos', '', 'Branič', 'Paris Saint-Germain'),
('Nuno', 'Mendes', 'Branič', 'Paris Saint-Germain'),
('Lucas', 'Hernández', 'Branič', 'Paris Saint-Germain'),
('Milan', 'Škriniar', 'Branič', 'Paris Saint-Germain'),
('Vitinha', '', 'Veznjak', 'Paris Saint-Germain'),
('Warren', 'Zaïre-Emery', 'Veznjak', 'Paris Saint-Germain'),
('Fabián', 'Ruiz', 'Veznjak', 'Paris Saint-Germain'),
('Ousmane', 'Dembélé', 'Napadač', 'Paris Saint-Germain'),
('Khvicha', 'Kvaratskhelia', 'Napadač', 'Paris Saint-Germain'),
('Gonçalo', 'Ramos', 'Napadač', 'Paris Saint-Germain'),
('Randal', 'Kolo Muani', 'Napadač', 'Paris Saint-Germain'),
('Bradley', 'Barcola', 'Napadač', 'Paris Saint-Germain'),
('Marco', 'Asensio', 'Napadač', 'Paris Saint-Germain'),
('Kang-in', 'Lee', 'Napadač', 'Paris Saint-Germain'),
('Yehvann', 'Diouf', 'Golman', 'Stade de Reims'),
('Ludovic', 'Butelle', 'Golman', 'Stade de Reims'),
('Joseph', 'Okumu', 'Branič', 'Stade de Reims'),
('Maxime', 'Busi', 'Branič', 'Stade de Reims'),
('Sergio', 'Akieme', 'Branič', 'Stade de Reims'),
('Cédric', 'Kipré', 'Branič', 'Stade de Reims'),
('Emmanuel', 'Agbadou', 'Branič', 'Stade de Reims'),
('Thibault', 'De Smet', 'Branič', 'Stade de Reims'),
('Marshall', 'Munetsi', 'Veznjak', 'Stade de Reims'),
('Kamory', 'Doumbia', 'Veznjak', 'Stade de Reims'),
('Martin', 'Adeline', 'Veznjak', 'Stade de Reims'),
('Valentin', 'Atangana Edoa', 'Veznjak', 'Stade de Reims'),
('Teddy', 'Teuma', 'Veznjak', 'Stade de Reims'),
('Junya', 'Ito', 'Napadač', 'Stade de Reims'),
('Mohamed', 'Daramy', 'Napadač', 'Stade de Reims'),
('Keito', 'Nakamura', 'Napadač', 'Stade de Reims'),
('Steve', 'Mandanda', 'Golman', 'Stade Rennais FC'),
('Dogan', 'Alemdar', 'Golman', 'Stade Rennais FC'),
('Arthur', 'Theate', 'Branič', 'Stade Rennais FC'),
('Adrien', 'Truffert', 'Branič', 'Stade Rennais FC'),
('Christopher', 'Wooh', 'Branič', 'Stade Rennais FC'),
('Warmed', 'Omari', 'Branič', 'Stade Rennais FC'),
('Lorenz', 'Assignon', 'Branič', 'Stade Rennais FC'),
('Azor', 'Matusiwa', 'Veznjak', 'Stade Rennais FC'),
('Seko', 'Fofana', 'Veznjak', 'Stade Rennais FC'),
('Benjamin', 'Bourigeaud', 'Veznjak', 'Stade Rennais FC'),
('Ludovic', 'Blas', 'Veznjak', 'Stade Rennais FC'),
('Baptiste', 'Santamaría', 'Veznjak', 'Stade Rennais FC'),
('Amine', 'Gouiri', 'Napadač', 'Stade Rennais FC'),
('Arnaud', 'Kalimuendo', 'Napadač', 'Stade Rennais FC'),
('Jota', '', 'Napadač', 'Stade Rennais FC'),
('Mousa', 'Al Ta\mari', 'Napadač', 'Stade Rennais FC'),
('Djordje', 'Petrović', 'Golman', 'RC Strasbourg Alsace'),
('Alaa', 'Bellaarouch', 'Golman', 'RC Strasbourg Alsace'),
('Karl-Johan', 'Johnsson', 'Golman', 'RC Strasbourg Alsace'),
('Ismael', 'Doukoure', 'Branič', 'RC Strasbourg Alsace'),
('Abakar', 'Sylla', 'Branič', 'RC Strasbourg Alsace'),
('Andrew', 'Omobamidele', 'Branič', 'RC Strasbourg Alsace'),
('Guéla', 'Doué', 'Branič', 'RC Strasbourg Alsace'),
('Mamadou', 'Sarr', 'Branič', 'RC Strasbourg Alsace'),
('Valentin', 'Barco', 'Branič', 'RC Strasbourg Alsace'),
('Eduard', 'Sobol', 'Branič', 'RC Strasbourg Alsace'),
('Yoni', 'Gomis', 'Branič', 'RC Strasbourg Alsace'),
('Pape Daouda', 'Diong', 'Branič', 'RC Strasbourg Alsace'),
('Andrey', 'Santos', 'Veznjak', 'RC Strasbourg Alsace'),
('Habib', 'Diarra', 'Veznjak', 'RC Strasbourg Alsace'),
('Sebastian', 'Nanasi', 'Veznjak', 'RC Strasbourg Alsace'),
('Félix', 'Lemaréchal', 'Veznjak', 'RC Strasbourg Alsace'),
('Maxime', 'Dupé', 'Golman', 'Toulouse FC'),
('Mickaël', 'Girotto', 'Golman', 'Toulouse FC'),
('Branco', 'van den Boomen', 'Veznjak', 'Toulouse FC'),
('Fares', 'Chaïbi', 'Veznjak', 'Toulouse FC'),
('Zakaria', 'Aboukhlal', 'Veznjak', 'Toulouse FC'),
('Denis', 'Genreau', 'Veznjak', 'Toulouse FC'),
('Stijn', 'Spierings', 'Veznjak', 'Toulouse FC'),
('Rasmus', 'Nissen', 'Veznjak', 'Toulouse FC'),
('Brecht', 'Dejaegere', 'Veznjak', 'Toulouse FC'),
('Riyad', 'Mahrez', 'Napadač', 'Toulouse FC'),
('Joshua', 'King', 'Napadač', 'Toulouse FC'),
('Thijs', 'Demeulemeester', 'Napadač', 'Toulouse FC'),
('Amine', 'Adli', 'Napadač', 'Toulouse FC'),
('Ado', 'Onaiwu', 'Napadač', 'Toulouse FC'),
('Kévin', 'Keben', 'Napadač', 'Toulouse FC'),
('Vít', 'Krejčí', 'Napadač', 'Toulouse FC'),
('Juan', 'Musso', 'Golman', 'Atalanta'),
('Marco', 'Sportiello', 'Golman', 'Atalanta'),
('Rafael', 'Toloi', 'Branič', 'Atalanta'),
('Berat', 'Djimsiti', 'Branič', 'Atalanta'),
('Teun', 'Koopmeiners', 'Veznjak', 'Atalanta'),
('Marten', 'De Roon', 'Veznjak', 'Atalanta'),
('Ruslan', 'Malinovskyi', 'Veznjak', 'Atalanta'),
('Remo', 'Freuler', 'Veznjak', 'Atalanta'),
('Adem', 'Ljajić', 'Napadač', 'Atalanta'),
('Duvan', 'Zapata', 'Napadač', 'Atalanta'),
('Luis', 'Muriel', 'Napadač', 'Atalanta'),
('Rasmus', 'Højlund', 'Napadač', 'Atalanta'),
('Giorgio', 'Scalvini', 'Branič', 'Atalanta'),
('Hans', 'Hateboer', 'Branič', 'Atalanta'),
('Joakim', 'Mæhle', 'Branič', 'Atalanta'),
('Emil', 'Holm', 'Veznjak', 'Atalanta'),
('Lukasz', 'Skorupski', 'Golman', 'Bologna FC'),
('Jiri', 'Pavlenka', 'Golman', 'Bologna FC'),
('Gary', 'Medel', 'Branič', 'Bologna FC'),
('Jhon', 'Lucumí', 'Branič', 'Bologna FC'),
('Charalampos', 'Lykogiannis', 'Branič', 'Bologna FC'),
('Lorenzo', 'De Silvestri', 'Branič', 'Bologna FC'),
('Jerdy', 'Schouten', 'Veznjak', 'Bologna FC'),
('Lewis', 'Ferguson', 'Veznjak', 'Bologna FC'),
('Nicolás', 'Domínguez', 'Veznjak', 'Bologna FC'),
('Riccardo', 'Orsolini', 'Veznjak', 'Bologna FC'),
('Marko', 'Arnautović', 'Napadač', 'Bologna FC'),
('Stefano', 'Denswil', 'Napadač', 'Bologna FC'),
('Musa', 'Barrow', 'Napadač', 'Bologna FC'),
('Santiago', 'Castro', 'Napadač', 'Bologna FC'),
('Joshua', 'Zirkzee', 'Napadač', 'Bologna FC'),
('Mattia', 'Bani', 'Napadač', 'Bologna FC'),
('Alessandro', 'Díaz', 'Golman', 'Cagliari'),
('Guglielmo', 'Vicario', 'Golman', 'Cagliari'),
('Sebastiano', 'Luperto', 'Branič', 'Cagliari'),
('Paolo', 'Farago', 'Branič', 'Cagliari'),
('Alessandro', 'Zappa', 'Branič', 'Cagliari'),
('Raoul', 'Bellanova', 'Branič', 'Cagliari'),
('Razvan', 'Marin', 'Veznjak', 'Cagliari'),
('Nicolò', 'Rovella', 'Veznjak', 'Cagliari'),
('Alberto', 'Grassi', 'Veznjak', 'Cagliari'),
('Luca', 'Gagliano', 'Napadač', 'Cagliari'),
('Leonardo', 'Pavoletti', 'Napadač', 'Cagliari'),
('Gianluca', 'Lapadula', 'Napadač', 'Cagliari'),
('Keita', 'Baldé', 'Napadač', 'Cagliari'),
('Federico', 'Di Francesco', 'Napadač', 'Cagliari'),
('Simone', 'Pinna', 'Napadač', 'Cagliari'),
('Riccardo', 'Lombardi', 'Napadač', 'Cagliari'),
('Samuele', 'Perisan', 'Golman', 'Empoli FC'),
('Jacopo', 'Seghetti', 'Golman', 'Empoli FC'),
('Devis', 'Vásquez', 'Golman', 'Empoli FC'),
('Federico', 'Brancolini', 'Golman', 'Empoli FC'),
('Saba', 'Goglichidze', 'Branič', 'Empoli FC'),
('Giuseppe', 'Pezzella', 'Branič', 'Empoli FC'),
('Sebastian', 'Walukiewicz', 'Branič', 'Empoli FC'),
('Jérémy', 'Sambia', 'Branič', 'Empoli FC'),
('Liam', 'Cacace', 'Branič', 'Empoli FC'),
('Gabriele', 'Guarino', 'Branič', 'Empoli FC'),
('Sebastian', 'Sazonov', 'Branič', 'Empoli FC'),
('Fabiano', 'Donati', 'Branič', 'Empoli FC'),
('Mattia', 'Viti', 'Branič', 'Empoli FC'),
('Mattia', 'De Sciglio', 'Branič', 'Empoli FC'),
('Tyronne', 'Ebuehi', 'Branič', 'Empoli FC'),
('Petar', 'Stojanović', 'Branič', 'Empoli FC'),
('Pietro', 'Terracciano', 'Golman', 'ACF Fiorentina'),
('Michele', 'Cerofolini', 'Golman', 'ACF Fiorentina'),
('Alessandro', 'Plizzari', 'Golman', 'ACF Fiorentina'),
('Lorenzo', 'Venuti', 'Branič', 'ACF Fiorentina'),
('Cristiano', 'Biraghi', 'Branič', 'ACF Fiorentina'),
('Lucas', 'Martínez Quarta', 'Branič', 'ACF Fiorentina'),
('Nicolás', 'González', 'Veznjak', 'ACF Fiorentina'),
('Alfred', 'Duncan', 'Veznjak', 'ACF Fiorentina'),
('Giacomo', 'Bonaventura', 'Veznjak', 'ACF Fiorentina'),
('Jonathan', 'Ikoné', 'Napadač', 'ACF Fiorentina'),
('Nico', 'González', 'Napadač', 'ACF Fiorentina'),
('Antonín', 'Barák', 'Napadač', 'ACF Fiorentina'),
('Luka', 'Jovic', 'Napadač', 'ACF Fiorentina'),
('Riccardo', 'Sottil', 'Napadač', 'ACF Fiorentina'),
('Christian', 'Kouamé', 'Napadač', 'ACF Fiorentina'),
('Guglielmo', 'Vicario', 'Golman', 'Frosinone Calcio'),
('Alessandro', 'Plizzari', 'Golman', 'Frosinone Calcio'),
('Samuele', 'Perisan', 'Golman', 'Frosinone Calcio'),
('Jacopo', 'Seghetti', 'Golman', 'Frosinone Calcio'),
('Riccardo', 'Marchizza', 'Branič', 'Frosinone Calcio'),
('Luca', 'Mazzitelli', 'Branič', 'Frosinone Calcio'),
('Raffaele', 'Mazzocchi', 'Branič', 'Frosinone Calcio'),
('Federico', 'Gatti', 'Branič', 'Frosinone Calcio'),
('Matteo', 'Rovella', 'Veznjak', 'Frosinone Calcio'),
('Alessandro', 'Salvi', 'Veznjak', 'Frosinone Calcio'),
('Nicolò', 'Zaniolo', 'Veznjak', 'Frosinone Calcio'),
('Gianluca', 'Caprari', 'Napadač', 'Frosinone Calcio'),
('Luca', 'Toni', 'Napadač', 'Frosinone Calcio'),
('Samuele', 'Longo', 'Napadač', 'Frosinone Calcio'),
('Andrea', 'Pinamonti', 'Napadač', 'Frosinone Calcio'),
('Nicola', 'Leali', 'Golman', 'Genoa C.F.C.'),
('Daniele', 'Sommariva', 'Golman', 'Genoa C.F.C.'),
('Benjamin', 'Siegrist', 'Golman', 'Genoa C.F.C.'),
('Mattia', 'Bani', 'Branič', 'Genoa C.F.C.'),
('Sebastian', 'Otoa', 'Branič', 'Genoa C.F.C.'),
('Koni', 'De Winter', 'Branič', 'Genoa C.F.C.'),
('Stefano', 'Sabelli', 'Branič', 'Genoa C.F.C.'),
('Alan', 'Matturro', 'Branič', 'Genoa C.F.C.'),
('Johan', 'Vásquez', 'Branič', 'Genoa C.F.C.'),
('Aarón', 'Martín', 'Branič', 'Genoa C.F.C.'),
('Hugo', 'Cuenca', 'Veznjak', 'Genoa C.F.C.'),
('Brooke', 'Norton-Cuffy', 'Veznjak', 'Genoa C.F.C.'),
('Morten', 'Thorsby', 'Veznjak', 'Genoa C.F.C.'),
('Milan', 'Badelj', 'Veznjak', 'Genoa C.F.C.'),
('Morten', 'Frendrup', 'Veznjak', 'Genoa C.F.C.'),
('Patrizio', 'Masini', 'Veznjak', 'Genoa C.F.C.'),
('Yann', 'Sommer', 'Golman', 'Inter'),
('Josep', 'Martínez', 'Golman', 'Inter'),
('Daniele', 'Padelli', 'Golman', 'Inter'),
('Denzel', 'Dumfries', 'Desni bočni', 'Inter'),
('Benjamin', 'Pavard', 'Centralni branič', 'Inter'),
('Stefan', 'de Vrij', 'Centralni branič', 'Inter'),
('Francesco', 'Acerbi', 'Centralni branič', 'Inter'),
('Federico', 'Dimarco', 'Lijevi bočni', 'Inter'),
('Matías', 'Vecino', 'Veznjak', 'Inter'),
('Henrikh', 'Mkhitaryan', 'Veznjak', 'Inter'),
('Hakan', 'Çalhanoğlu', 'Veznjak', 'Inter'),
('Nicolò', 'Barella', 'Veznjak', 'Inter'),
('Lautaro', 'Martínez', 'Napadač', 'Inter'),
('Marcus', 'Thuram', 'Napadač', 'Inter'),
('Mehdi', 'Taremi', 'Napadač', 'Inter'),
('Wojciech', 'Szczęsny', 'Golman', 'Juventus'),
('Mattia', 'Perin', 'Golman', 'Juventus'),
('Carlo', 'Pinsoglio', 'Golman', 'Juventus'),
('Juan', 'Cuadrado', 'Desni bočni', 'Juventus'),
('Danilo', 'da Silva', 'Desni bočni', 'Juventus'),
('Daniele', 'Rugani', 'Centralni branič', 'Juventus'),
('Leonardo', 'Bonucci', 'Centralni branič', 'Juventus'),
('Vasilije', 'Adžić', 'Centralni branič', 'Juventus'),
('Alex', 'Sandro', 'Lijevi bočni', 'Juventus'),
('Fabio', 'Miretti', 'Veznjak', 'Juventus'),
('Nicolás', 'González', 'Veznjak', 'Juventus'),
('Teun', 'Koopmeiners', 'Veznjak', 'Juventus'),
('Khéphren', 'Thuram', 'Veznjak', 'Juventus'),
('Samuel', 'Iling-Junior', 'Napadač', 'Juventus'),
('Matías', 'Soulé', 'Napadač', 'Juventus'),
('Kenan', 'Yıldız', 'Napadač', 'Juventus'),
('Ivan', 'Provedel', 'Golman', 'Lazio'),
('Christos', 'Mandas', 'Golman', 'Lazio'),
('Alessio', 'Furlanetto', 'Golman', 'Lazio'),
('Nuno', 'Tavares', 'Desni bočni', 'Lazio'),
('Samuel', 'Gigot', 'Centralni branič', 'Lazio'),
('Mario', 'Gila', 'Centralni branič', 'Lazio'),
('Alessio', 'Romagnoli', 'Centralni branič', 'Lazio'),
('Patric', 'Gabarrón', 'Lijevi bočni', 'Lazio'),
('Adam', 'Marušić', 'Lijevi bočni', 'Lazio'),
('Luca', 'Pellegrini', 'Lijevi bočni', 'Lazio'),
('Mattia', 'Zaccagni', 'Veznjak', 'Lazio'),
('Mattéo', 'Guendouzi', 'Veznjak', 'Lazio'),
('Nicolò', 'Rovella', 'Veznjak', 'Lazio'),
('Oluwafisayo', 'Dele-Bashiru', 'Veznjak', 'Lazio'),
('Tijjani', 'Noslin', 'Napadač', 'Lazio'),
('Valentin', 'Castellanos', 'Napadač', 'Lazio'),
('Wladimiro', 'Falcone', 'Golman', 'Lecce'),
('Christian', 'Früchtl', 'Golman', 'Lecce'),
('Alexandru', 'Borbei', 'Golman', 'Lecce'),
('Jasper', 'Samooja', 'Golman', 'Lecce'),
('Antonino', 'Gallo', 'Desni bočni', 'Lecce'),
('Federico', 'Baschirotto', 'Centralni branič', 'Lecce'),
('Kialonda', 'Gaspar', 'Centralni branič', 'Lecce'),
('Andy', 'Pelmard', 'Centralni branič', 'Lecce'),
('Frédéric', 'Guilbert', 'Lijevi bočni', 'Lecce'),
('Gaby', 'Jean', 'Lijevi bočni', 'Lecce'),
('Kevin', 'Bonifazi', 'Lijevi bočni', 'Lecce'),
('Sebastian', 'Esposito', 'Lijevi bočni', 'Lecce'),
('Filip', 'Marchwinski', 'Veznjak', 'Lecce'),
('Ylber', 'Ramadani', 'Veznjak', 'Lecce'),
('Lassana', 'Coulibaly', 'Veznjak', 'Lecce'),
('Joan', 'Gonzalez', 'Veznjak', 'Lecce'),
('Mike', 'Maignan', 'Golman', 'AC Milan'),
('Marco', 'Sportiello', 'Golman', 'AC Milan'),
('Ciprian', 'Tătărușanu', 'Golman', 'AC Milan'),
('Davide', 'Calabria', 'Desni bočni', 'AC Milan'),
('Alessandro', 'Florenzi', 'Desni bočni', 'AC Milan'),
('Malick', 'Thiaw', 'Centralni branič', 'AC Milan'),
('Strahinja', 'Pavlović', 'Centralni branič', 'AC Milan'),
('Theo', 'Hernández', 'Lijevi bočni', 'AC Milan'),
('Fikayo', 'Tomori', 'Centralni branič', 'AC Milan'),
('Youssouf', 'Fofana', 'Veznjak', 'AC Milan'),
('Tijjani', 'Reijnders', 'Veznjak', 'AC Milan'),
('Christian', 'Pulisic', 'Napadač', 'AC Milan'),
('Rafael', 'Leão', 'Napadač', 'AC Milan'),
('João', 'Félix', 'Napadač', 'AC Milan'),
('Santiago', 'Giménez', 'Napadač', 'AC Milan'),
('Miretti', 'Filippo', 'Golman', 'AC Monza'),
('Di Gregorio', 'Marco', 'Golman', 'AC Monza'),
('Perego', 'Luca', 'Golman', 'AC Monza'),
('Marino', 'Luca', 'Golman', 'AC Monza'),
('Caldirola', 'Luca', 'Desni bočni', 'AC Monza'),
('Marì', 'Armando', 'Centralni branič', 'AC Monza'),
('Pessina', 'Matteo', 'Centralni branič', 'AC Monza'),
('Izzo', 'Giuseppe', 'Centralni branič', 'AC Monza'),
('Birindelli', 'Jacopo', 'Lijevi bočni', 'AC Monza'),
('Carlos', 'Augusto', 'Lijevi bočni', 'AC Monza'),
('Valoti', 'Mattia', 'Veznjak', 'AC Monza'),
('Barberis', 'Marco', 'Veznjak', 'AC Monza'),
('Colpani', 'Andrea', 'Veznjak', 'AC Monza'),
('Caprari', 'Gianluca', 'Napadač', 'AC Monza'),
('Pettinari', 'Simone', 'Napadač', 'AC Monza'),
('Dany','Mota', 'Napadač', 'AC Monza'),
('Alex', 'Meret', 'Golman', 'Napoli'),
('Nikita', 'Contini', 'Golman', 'Napoli'),
('Gianluca', 'Gomiero', 'Golman', 'Napoli'),
('Giovanni', 'Di Lorenzo', 'Desni bočni', 'Napoli'),
('Alessandro', 'Buongiorno', 'Centralni branič', 'Napoli'),
('Amir', 'Rrahmani', 'Centralni branič', 'Napoli'),
('Kim', 'Min-jae', 'Centralni branič', 'Napoli'),
('Mario', 'Rui', 'Lijevi bočni', 'Napoli'),
('Leonardo', 'Spinazzola', 'Lijevi bočni', 'Napoli'),
('Stanislav', 'Lobotka', 'Veznjak', 'Napoli'),
('Piotr', 'Zielinski', 'Veznjak', 'Napoli'),
('Scott', 'McTominay', 'Veznjak', 'Napoli'),
('Billy', 'Gilmour', 'Veznjak', 'Napoli'),
('Giovanni', 'Simeone', 'Napadač', 'Napoli'),
('Victor', 'Osimhen', 'Napadač', 'Napoli'),
('Khvicha', 'Kvaratskhelia', 'Napadač', 'Napoli'),
('Mile', 'Svilar', 'Golman', 'AS Roma'),
('Pierluigi', 'Gollini', 'Golman', 'AS Roma'),
('Mehmet Zeki', 'Çelik', 'Desni bočni', 'AS Roma'),
('José Ángel', 'Esmoris Tasende', 'Desni bočni', 'AS Roma'),
('Obite Evan', 'N Dicka', 'Centralni branič', 'AS Roma'),
('Gianluca', 'Mancini', 'Centralni branič', 'AS Roma'),
('Mats', 'Hummels', 'Centralni branič', 'AS Roma'),
('Paulo', 'Dybala', 'Napadač', 'AS Roma'),
('Artem', 'Dovbyk', 'Napadač', 'AS Roma'),
('Stephan', 'El Shaarawy', 'Napadač', 'AS Roma'),
('Alexis', 'Saelemaekers', 'Veznjak', 'AS Roma'),
('Tommaso', 'Baldanzi', 'Veznjak', 'AS Roma'),
('Leandro', 'Paredes', 'Veznjak', 'AS Roma'),
('Niccolò', 'Pisilli', 'Veznjak', 'AS Roma'),
('Lorenzo', 'Pellegrini', 'Veznjak', 'AS Roma'),
('Kouadio', 'Kone', 'Veznjak', 'AS Roma'),
('Luigi', 'Sepe', 'Golman', 'Salernitana'),
('Wladimiro', 'Falcone', 'Golman', 'Salernitana'),
('Marco', 'Pirola', 'Centralni branič', 'Salernitana'),
('Lorenzo', 'Pirola', 'Centralni branič', 'Salernitana'),
('Flavius', 'Daniliuc', 'Centralni branič', 'Salernitana'),
('Norbert', 'Gyömbér', 'Centralni branič', 'Salernitana'),
('Paolo', 'Gazzola', 'Desni bočni', 'Salernitana'),
('Lorenzo', 'Venuti', 'Desni bočni', 'Salernitana'),
('Nadir', 'Zortea', 'Desni bočni', 'Salernitana'),
('Antonio', 'Candreva', 'Veznjak', 'Salernitana'),
('Lassana', 'Loum', 'Veznjak', 'Salernitana'),
('Jovane', 'Cabral', 'Napadač', 'Salernitana'),
('Chukwubuikem', 'Ikwuemesi', 'Napadač', 'Salernitana'),
('Lorenzo', 'Pirola', 'Napadač', 'Salernitana'),
('Jérémy', 'Doku', 'Napadač', 'Salernitana'),
('Jesse', 'Joronen', 'Golman', 'Venezia'),
('Bruno', 'Bertinato', 'Golman', 'Venezia'),
('Michael', 'Svoboda', 'Branič', 'Venezia'),
('Marco', 'Modolo', 'Branič', 'Venezia'),
('Pasquale', 'Mazzocchi', 'Branič', 'Venezia'),
('Jay', 'Idzes', 'Branič', 'Venezia'),
('Gianluca', 'Busio', 'Vezni', 'Venezia'),
('Tanner', 'Tessmann', 'Vezni', 'Venezia'),
('Antonio', 'Candela', 'Vezni', 'Venezia'),
('Christian', 'Gytkjær', 'Napadač', 'Venezia'),
('Joel', 'Pohjanpalo', 'Napadač', 'Venezia'),
('Francesco', 'Zampano', 'Branič', 'Venezia'),
('Mika', 'Modolo', 'Branič', 'Venezia'),
('Bjarki', 'Steinbjörnsson', 'Vezni', 'Venezia'),
('Nicholas', 'Pierini', 'Napadač', 'Venezia'),
('Dennis', 'Johnsen', 'Napadač', 'Venezia'),
('Vanja', 'Milinković-Savić', 'Golman', 'Torino'),
('Etrit', 'Berisha', 'Golman', 'Torino'),
('Luka', 'Luković', 'Golman', 'Torino'),
('Wilfried', 'Singo', 'Desni bočni', 'Torino'),
('Koffi',' Djidji', 'Centralni branič', 'Torino'),
('Perr',' Schuurs', 'Centralni branič', 'Torino'),
('Alessandro', 'Buongiorno', 'Centralni branič', 'Torino'),
('Riccardo', 'Rodriguez', 'Lijevi bočni', 'Torino'),
('Mergim', 'Vojvoda', 'Lijevi bočni', 'Torino'),
('Samuele', 'Ricci', 'Veznjak', 'Torino'),
('Pablo', 'Barrera', 'Veznjak', 'Torino'),
('Cesare', 'Casadei', 'Veznjak', 'Torino'),
('Antonio', 'Sanabria', 'Napadač', 'Torino'),
('Nemanja', 'Radonjić', 'Napadač', 'Torino'),
('Yann', 'Karamoh', 'Napadač', 'Torino'),
('Antonio', 'Pobega', 'Napadač', 'Torino'),
('Marco', 'Silvestri', 'Golman', 'Udinese'),
('Maduka', 'Okoye', 'Golman', 'Udinese'),
('Rodrigo', 'Becão', 'Branič', 'Udinese'),
('Nehuén', 'Pérez', 'Branič', 'Udinese'),
('Jaka', 'Bijol', 'Branič', 'Udinese'),
('Enzo', 'Ebosse', 'Branič', 'Udinese'),
('Walace', 'Souza', 'Vezni', 'Udinese'),
('Lazar', 'Samardžić', 'Vezni', 'Udinese'),
('Sandi', 'Lovrić', 'Vezni', 'Udinese'),
('Roberto', 'Pereyra', 'Vezni', 'Udinese'),
('Festy', 'Ebosele', 'Vezni', 'Udinese'),
('Florian', 'Thauvin', 'Napadač', 'Udinese'),
('Beto', 'Betuncal', 'Napadač', 'Udinese'),
('Isaac', 'Success', 'Napadač', 'Udinese'),
('Lucca', 'Pellegrini', 'Napadač', 'Udinese'),
('Gerard', 'Deulofeu', 'Napadač', 'Udinese'),
('Lorenzo', 'Montipò', 'Golman', 'Verona'),
('Simone', 'Perilli', 'Golman', 'Verona'),
('Giangiacomo', 'Magnani', 'Branič', 'Verona'),
('Pawel', 'Dawidowicz', 'Branič', 'Verona'),
('Fabio', 'Depaoli', 'Branič', 'Verona'),
('Diego', 'Coppola', 'Branič', 'Verona'),
('Juan', 'Cabal', 'Branič', 'Verona'),
('Ondrej', 'Duda', 'Vezni', 'Verona'),
('Tijjani', 'Noslin', 'Vezni', 'Verona'),
('Adrien', 'Tameze', 'Vezni', 'Verona'),
('Michael', 'Folorunsho', 'Vezni', 'Verona'),
('Darko', 'Lazović', 'Vezni', 'Verona'),
('Federico', 'Bonazzoli', 'Napadač', 'Verona'),
('Cyril', 'Ngonge', 'Napadač', 'Verona'),
('Milan', 'Đurić', 'Napadač', 'Verona'),
('Thomas', 'Henry', 'Napadač', 'Verona');